{
    "name": "ESP Async WebServer", 
    "description": "Asynchronous HTTP and WebSocket Server Library for ESP8266 and ESP32", 
    "keywords": [
        "http", 
        "async", 
        "websocket", 
        "webserver"
    ], 
    "authors": [
        {
            "email": null, 
            "url": null, 
            "maintainer": true, 
            "name": "Hristo Gochkov"
        }
    ], 
    "repository": {
        "type": "git", 
        "url": "https://github.com/me-no-dev/ESPAsyncWebServer.git"
    }, 
    "version": "1.2.0", 
    "license": "LGPL-3.0", 
    "frameworks": [
        "arduino"
    ], 
    "platforms": [
        "espressif8266", 
        "espressif32"
    ], 
    "dependencies": [
        {
            "name": "ESPAsyncTCP", 
            "platforms": "espressif8266"
        }, 
        {
            "name": "AsyncTCP", 
            "platforms": "espressif32"
        }
    ], 
    "id": 306
}