{
    "name": "AsyncTCP", 
    "description": "Asynchronous TCP Library for ESP32", 
    "keywords": [
        "async", 
        "tcp"
    ], 
    "authors": [
        {
            "email": null, 
            "url": null, 
            "maintainer": true, 
            "name": "Hristo Gochkov"
        }
    ], 
    "repository": {
        "type": "git", 
        "url": "https://github.com/me-no-dev/AsyncTCP.git"
    }, 
    "version": "1.0.3", 
    "license": "LGPL-3.0", 
    "frameworks": [
        "arduino"
    ], 
    "platforms": [
        "espressif32"
    ], 
    "build": {
        "libCompatMode": 2
    }, 
    "id": 1826
}