{
    "name": "ESPAsyncTCP", 
    "description": "Asynchronous TCP Library for ESP8266", 
    "keywords": [
        "async", 
        "tcp"
    ], 
    "authors": [
        {
            "email": null, 
            "url": null, 
            "maintainer": true, 
            "name": "Hristo Gochkov"
        }
    ], 
    "repository": {
        "type": "git", 
        "url": "https://github.com/me-no-dev/ESPAsyncTCP.git"
    }, 
    "version": "1.2.0", 
    "license": "LGPL-3.0", 
    "frameworks": [
        "arduino"
    ], 
    "platforms": [
        "espressif8266"
    ], 
    "build": {
        "libCompatMode": 2
    }, 
    "id": 305
}