{
    "st": [
        {
            "n": "PreMash",
            "t": 52,
            "tm": 1,
            "r": true,
            "sl": false,
            "ho": true,
            "fp": true
        },
        {
            "n": "MashIn",
            "t": 50,
            "tm": 0,
            "r": false,
            "sl": true,
            "ho": false,
            "fp": false
        },
        {
            "n": "MashOne",
            "t": 50,
            "tm": 35,
            "r": true,
            "sl": false,
            "ho": true,
            "fp": false
        },
        {
            "n": "MashTwo",
            "t": 64,
            "tm": 55,
            "r": true,
            "sl": true,
            "ho": true,
            "fp": false
        },
        {
            "n": "MashOut",
            "t": 78,
            "tm": 5,
            "r": true,
            "sl": true,
            "ho": true,
            "fp": false
        }
    ]
}